	p-value	FDR
RUNX2.1.S.B_besthit	0.5734578954918215	1.0
RUNX2.0.P.B_besthit	0.2697406366064413	0.8557158203426194
RUNX1.0.P.B_besthit	0.9095097046061591	1.0
MAX.1.M.C_besthit	0.09611593244030937	0.3970690979501305
CLOCK.0.M.C_besthit	0.10037568691510226	0.40310236020088874
NPAS2.1.M.D_besthit	0.028156006892199943	0.15096412206030607
BMAL1.0.PSM.A_besthit	0.9958297792180436	1.0
USF2.0.PSM.A_besthit	0.9771337775116402	1.0
ARNT2.0.P.B_besthit	0.859792898494397	1.0
MLX.0.PM.A_besthit	0.8818825074477713	1.0
MLX.1.SM.B_besthit	0.9999899909382715	1.0
MLXPL.0.S.D_besthit	0.029795379860009633	0.15807233104678794
TFE3.0.PSM.A_besthit	0.9928715718463257	1.0
TFEC.1.SM.D_besthit	0.9558069464083457	1.0
MITF.0.P.B_besthit	2.2173886328091996e-08	5.197971492724822e-07
ARNT2.2.S.C_besthit	0.9999039460168531	1.0
USF1.0.PSM.A_besthit	0.999999949041608	1.0
SRBP1.0.P.B_besthit	0.30275381034287785	0.9304141488586002
SRBP2.2.M.C_besthit	0.9755491714802466	1.0
TFEB.1.P.C_besthit	0.04478515672125558	0.21599731088529006
TFEB.0.SM.B_besthit	0.9293175821163097	1.0
TFEC.0.M.D_besthit	0.9979561454677517	1.0
GMEB1.2.SM.B_besthit	6.157182670532413e-25	6.896044590996304e-23
CREB1.0.PSM.A_besthit	1.5147283708976282e-05	0.00020633056727902826
ATF6B.0.SM.D_besthit	0.5032687952857798	1.0
CREB3.0.SM.D_besthit	0.6091386271491472	1.0
XBP1.1.M.B_besthit	0.41841688984112757	1.0
ATF3.1.P.B_besthit	0.9972234644199591	1.0
ATF6A.0.SM.D_besthit	0.9999996731524557	1.0
JUN.1.S.C_besthit	0.9930499367917048	1.0
JUNB.1.S.C_besthit	0.9999999746887062	1.0
ATF1.0.P.B_besthit	0.9999999348955495	1.0
CREM.0.PSM.A_besthit	0.9999999999973115	1.0
ZBED1.0.S.D_besthit	0.18684114882509556	0.6472023299508466
IRX5.0.M.D_besthit	0.9972732101124836	1.0
PAX3.1.SM.B_besthit	0.030242486807546612	0.15877305573961972
TFCP2.1.SM.D_besthit	0.9515334002872333	1.0
TFCP2.0.SM.D_besthit	0.9643499718873423	1.0
UBIP1.0.SM.D_besthit	0.9693414702123032	1.0
TBX15.0.SM.D_besthit	0.24727730358020744	0.8119072378138408
TBX3.0.PSM.A_besthit	0.9715795046426677	1.0
SIX4.1.M.C_besthit	0.03188379617865157	0.16652262460145484
TBX18.0.M.D_besthit	0.9816946910322797	1.0
ZNF18.0.P.B_besthit	0.10986937535686739	0.4377404362044361
TBX6.0.PSM.A_besthit	0.8669269758181284	1.0
TBX2.0.SM.D_besthit	0.7883619802521817	1.0
TBX21.0.PSM.A_besthit	0.9852631474490898	1.0
REL.0.P.B_besthit	0.0002712826937021177	0.0027621510631488347
NFKB2.0.PSM.A_besthit	0.9815571794664086	1.0
NFKB1.0.PS.A_besthit	0.388183673231161	1.0
RELB.0.P.B_besthit	0.599719447893363	1.0
TF65.0.P.B_besthit	0.8514091307337053	1.0
ZN75D.0.P.B_besthit	0.8604761574171016	1.0
SUH.0.P.B_besthit	0.648311230572693	1.0
ZN550.0.P.C_besthit	0.6808552095234728	1.0
ZN580.0.SM.D_besthit	0.00011721502382710788	0.0012569440852949441
ZN580.1.SM.D_besthit	0.010899103164589611	0.0708793289671376
ZF69B.0.P.C_besthit	0.05196626532555085	0.24250923818590397
ZFP3.0.P.C_besthit	0.0030763961940113165	0.02461116955209053
ZNF77.0.P.C_besthit	0.8291098632248555	1.0
ZN480.1.P.C_besthit	0.11298964839364868	0.44637807056042966
ZN254.0.P.C_besthit	0.08195854271803363	0.347118533864613
ZN790.0.P.C_besthit	0.8717685012619802	1.0
ZN875.0.P.C_besthit	0.0012431014321947252	0.010991633716248096
ZN586.0.P.C_besthit	0.6441613816926924	1.0
Z585B.0.P.C_besthit	0.9995921461869287	1.0
ZN675.0.P.C_besthit	0.9999984585007908	1.0
ZN529.0.P.B_besthit	0.974377173400208	1.0
ZN823.0.P.C_besthit	0.871621547302285	1.0
RORG.0.M.C_besthit	0.9999980019757742	1.0
NR1D1.1.SM.B_besthit	0.8407328710501122	1.0
NR1D2.1.SM.B_besthit	0.9302885873299861	1.0
NR5A2.0.PSM.A_besthit	0.1576663103403783	0.5680795948337627
NR1H2.1.P.C_besthit	5.747720283790194e-08	1.2595004447957645e-06
NR1H3.0.P.B_besthit	0.30432799908626146	0.9324091886898224
NR2C1.0.S.C_besthit	0.9999999998861046	1.0
RARA.0.PSM.A_besthit	0.9999999392133371	1.0
ESR1.1.P.B_besthit	0.9842421793744736	1.0
ESR2.1.P.B_besthit	0.9999999999747444	1.0
RARG.1.PSM.A_besthit	0.9999316302639272	1.0
RARA.2.P.B_besthit	0.9998496796051121	1.0
RORB.0.SM.D_besthit	2.31047170979864e-09	6.488979106578401e-08
ERR3.0.PSM.A_besthit	2.6471282641845602e-12	1.0262712654992449e-10
ERR1.0.PSM.A_besthit	0.00031146151294718057	0.0030779725985368434
ERR2.0.PSM.A_besthit	0.00044365865110166844	0.0042591230505760165
THA.1.PS.A_besthit	0.98197999982725	1.0
THB.1.PSM.A_besthit	0.9992113632621564	1.0
NR2F6.1.PSM.A_besthit	0.9256358436354529	1.0
RXRA.1.S.C_besthit	0.9999960620373942	1.0
NR2F6.3.SM.B_besthit	0.1527657300362078	0.560339950134324
NR2C2.0.SM.B_besthit	0.9995381026683623	1.0
RARB.0.SM.B_besthit	0.9999897399189015	1.0
VDR.1.PS.A_besthit	0.5698460140024715	1.0
RARG.2.SM.B_besthit	0.8875365514668808	1.0
NR1H2.0.P.C_besthit	0.004182945884992666	0.031465742179646324
RXRB.2.PS.A_besthit	0.99999642641944	1.0
NR1H3.1.P.B_besthit	0.4501431792672425	1.0
RXRA.0.PS.A_besthit	0.9999999884405226	1.0
PPARD.0.PSM.A_besthit	0.8775524718520434	1.0
RXRB.0.P.C_besthit	0.9579125448943256	1.0
COT2.0.P.B_besthit	0.999999477972358	1.0
NR2F6.0.P.C_besthit	0.42820603904757776	1.0
NR2F6.2.SM.B_besthit	0.9999934752871484	1.0
RXRG.1.SM.B_besthit	0.9999984219384649	1.0
THB.2.SM.B_besthit	0.9990497912687342	1.0
RARA.3.P.B_besthit	0.030135259348383903	0.15877305573961972
RXRG.0.P.B_besthit	0.07231180214097055	0.3118653246735615
RXRG.2.P.B_besthit	0.8795733213754019	1.0
RARB.1.P.B_besthit	0.787407305521161	1.0
COT1.0.PSM.A_besthit	0.9999254397531788	1.0
COT2.1.P.B_besthit	0.9999147722964903	1.0
ZN296.0.S.D_besthit	2.4709753814590824e-11	8.895511373252697e-10
ZN768.1.P.B_besthit	0.3638675257063345	1.0
ZN140.0.P.B_besthit	0.8978888614535342	1.0
ZN140.1.SM.B_besthit	0.7741723942500088	1.0
LYL1.1.P.C_besthit	0.1752791932010592	0.6265298820803819
SPI1.0.P.B_besthit	0.0007056686424482712	0.006647794313905209
IRF8.0.P.B_besthit	0.15463427731877588	0.5627124604235598
ETV7.0.SM.B_besthit	0.46112424884446235	1.0
ERF.0.PS.A_besthit	0.061125324658665464	0.2710144113761024
ETV7.1.P.C_besthit	0.8045311293378528	1.0
OSR1.0.SM.D_besthit	5.674651216518525e-18	4.085748875893338e-16
TYY1.1.S.B_besthit	4.2761171778933904e-16	2.6939538220728363e-14
ZBT49.0.P.C_besthit	0.014207300692924812	0.08524380415754888
PBX1.0.P.B_besthit	0.9996649098639816	1.0
PBX3.0.P.B_besthit	0.9999567742120035	1.0
PKNX1.0.P.B_besthit	0.9999755585247105	1.0
NFYA.0.P.B_besthit	0.9997707964109853	1.0
NFYB.0.P.B_besthit	0.996246514656868	1.0
NFYC.0.P.B_besthit	0.9807133917355495	1.0
PBX1.1.P.B_besthit	0.9974851477287111	1.0
PBX2.1.P.C_besthit	0.9725819612520734	1.0
ZBT43.0.S.D_besthit	0.13659331399050198	0.5118440910870855
NFIX.1.S.D_besthit	0.00035055602882223607	0.0034306842432312037
NFIB.1.PS.A_besthit	0.9999999960314714	1.0
NFIC.1.PSM.A_besthit	0.9999999995465763	1.0
ZN337.0.P.C_besthit	0.0019646016040205153	0.016366267907873384
GRHL1.0.PSM.A_besthit	2.9923095537186407e-07	5.5856445002747965e-06
TF2L1.1.P.B_besthit	0.9998976782752974	1.0
P53.0.P.B_besthit	0.27153439033100724	0.8559162475373173
P63.1.PS.A_besthit	0.00010832078459758855	0.0011868190312431441
ZN787.0.M.D_besthit	0.00181891523523093	0.015278887975939813
NKX25.1.P.B_besthit	2.8026839292054914e-08	6.420694092361671e-07
TGIF1.1.S.B_besthit	0.7811146649100349	1.0
PKNX1.2.SM.B_besthit	0.9999977805039161	1.0
MEIS2.1.PSM.A_besthit	0.6246527110829115	1.0
PKNX2.1.SM.D_besthit	0.8109741371123587	1.0
MEIS1.1.PS.A_besthit	0.9289871511456801	1.0
PBX2.2.P.C_besthit	0.9225026932129611	1.0
PKNX2.0.SM.D_besthit	0.9999999751813425	1.0
PKNX1.3.SM.B_besthit	0.9997579622557442	1.0
MEIS2.2.SM.B_besthit	0.20145913884052627	0.6860500403758462
TGIF2.0.S.B_besthit	0.9999994948269224	1.0
PBX1.2.P.B_besthit	0.994485750024499	1.0
TGIF1.0.PSM.A_besthit	0.9999654815726831	1.0
TGIF2.1.PSM.A_besthit	0.7374273477233503	1.0
SMAD2.0.P.B_besthit	0.9999999277368139	1.0
SMAD3.2.P.C_besthit	0.6058105286315325	1.0
SMAD4.1.P.B_besthit	0.9577817888228047	1.0
ZN821.0.SM.D_besthit	0.9066174043985898	1.0
SMAD3.0.S.B_besthit	0.9718654942331353	1.0
SMAD2.1.P.B_besthit	0.8759952213129182	1.0
SMAD3.1.P.B_besthit	0.5891916634409815	1.0
ZN430.0.P.C_besthit	0.45209535188158645	1.0
ZN547.0.P.B_besthit	2.363887098595635e-05	0.00030784621894871747
OSR2.0.PSM.A_besthit	0.9732574500506768	1.0
ZBT44.0.P.C_besthit	2.0448336389985506e-14	9.815201467193043e-13
ZNF12.0.P.C_besthit	0.7833049909471275	1.0
CREM.1.P.C_besthit	7.605638433307053e-14	3.333253713379787e-12
JUND.1.SM.B_besthit	0.8898093996971076	1.0
ATF4.1.S.B_besthit	0.9449741737181638	1.0
NFIL3.1.S.B_besthit	0.7963079342823071	1.0
ATF2.1.P.B_besthit	0.999998651827147	1.0
ATF4.2.SM.B_besthit	0.01271360300280077	0.07959821010449179
JDP2.0.SM.D_besthit	0.9952373805889239	1.0
FOSB.2.M.C_besthit	0.9970382045456377	1.0
ATF3.3.SM.B_besthit	0.9999905343434377	1.0
CREB5.1.SM.B_besthit	0.3615797012212647	1.0
ATF2.0.PSM.A_besthit	0.999999908786852	1.0
ATF7.0.PSM.A_besthit	0.999999999803197	1.0
ATF3.2.P.B_besthit	0.009690146803312684	0.06468654289893501
FOSB.1.M.C_besthit	0.0002799049808689512	0.0027935071358010178
FOS.1.S.C_besthit	0.983289663050541	1.0
BATF3.2.SM.B_besthit	0.34470779972338006	1.0
FOS.2.S.C_besthit	0.9999952492111446	1.0
ZSC21.0.P.C_besthit	0.5592783299955307	1.0
MAFA.1.M.C_besthit	0.9703502717587523	1.0
NRL.1.SM.D_besthit	0.9089604834603617	1.0
MAFB.1.P.B_besthit	0.9999063531572405	1.0
MAFK.1.P.B_besthit	0.032534567071219815	0.16904558560716273
MAFF.0.PSM.A_besthit	0.05249434813526795	0.24358332039193326
MAF.0.PM.A_besthit	0.6499790065184712	1.0
MAFG.0.PSM.A_besthit	0.9999930766043834	1.0
MAFK.0.PS.A_besthit	0.847645074618409	1.0
MAF.1.PSM.A_besthit	0.9999942619686828	1.0
MAFB.0.PS.A_besthit	0.8473401817571801	1.0
NRL.0.SM.D_besthit	0.9987663735049627	1.0
MAFK.2.S.B_besthit	0.7225450798445431	1.0
MAFA.0.PSM.A_besthit	0.9999983200677683	1.0
MAFF.1.PSM.A_besthit	0.9999991634468313	1.0
MAFG.1.PSM.A_besthit	0.9999994726938294	1.0
NR1D2.0.P.B_besthit	0.9294903267961214	1.0
NR1D1.0.P.B_besthit	0.9585493223162385	1.0
RORA.0.P.C_besthit	0.6739265689092989	1.0
PPARA.0.P.B_besthit	0.014684226754126766	0.08709902815378655
PPARG.0.P.B_besthit	2.617432129716244e-07	4.978059597649007e-06
RXRA.2.SM.B_besthit	0.9999996931329542	1.0
RXRB.1.SM.B_besthit	0.9999999991601994	1.0
PPARA.1.P.B_besthit	0.8541986015242473	1.0
PPARG.1.P.B_besthit	0.625334707146713	1.0
THA.2.S.B_besthit	0.997063112423838	1.0
THB.3.S.C_besthit	0.3159785253575162	0.9536118370071148
NR6A1.2.SM.B_besthit	0.4418453796684115	1.0
NR6A1.0.P.C_besthit	0.7736783133868226	1.0
NR6A1.1.P.C_besthit	0.9114651687439684	1.0
RARG.3.S.B_besthit	0.008429578570860111	0.058198734242650624
NR4A1.0.PSM.A_besthit	0.7385627704149578	1.0
NR4A2.0.SM.D_besthit	0.01343141705398331	0.08302204121593744
TFCP2.2.S.D_besthit	0.3180523982221153	0.9541571946663459
IRF3.1.SM.B_besthit	0.9981480773379	1.0
IRF5.1.S.B_besthit	0.017648908206756055	0.10165771127091487
IRF5.0.SM.B_besthit	0.9516126656000947	1.0
IRF6.0.SM.D_besthit	0.9997417003778156	1.0
IRF6.1.S.D_besthit	0.6817100707749588	1.0
ZKSC1.0.P.B_besthit	0.06755836982148572	0.29352946887955866
ZN266.0.P.B_besthit	0.4732488065234665	1.0
ZN510.1.P.C_besthit	0.38980357553467826	1.0
ZN768.0.P.B_besthit	0.20851725441449487	0.7053201088919826
YBOX1.0.SM.D_besthit	0.3229703669161552	0.957596455077348
Z324A.0.P.B_besthit	0.2699579671318978	0.8557158203426194
RUNX2.2.M.C_besthit	0.03410700463896658	0.17451705926943303
MYBB.0.S.D_besthit	0.8768001446982396	1.0
MYBB.1.S.D_besthit	0.9975378805607618	1.0
NKX25.0.PSM.A_besthit	0.7661934157103985	1.0
STAT3.0.P.B_besthit	2.0268598743264417e-22	1.7025622944342112e-20
HSF4.0.SM.D_besthit	5.645609126115686e-30	9.484623331874352e-28
HSF1.0.PSM.A_besthit	1.2162018642366537e-09	3.7149438762137784e-08
HSF2.0.PSM.A_besthit	0.1996027329660465	0.6843522273121594
HSF1.1.P.B_besthit	6.971883387514829e-05	0.0007985975516607896
ZBT26.0.PSM.A_besthit	0.004118562062522066	0.03141453203166785
IRX3.0.M.D_besthit	0.3867982095309217	1.0
CEBPG.1.SM.B_besthit	0.7978187983908656	1.0
CEBPB.1.SM.B_besthit	0.00014119855444053885	0.00149819097764277
CEBPD.1.SM.B_besthit	0.0163797738458983	0.09599309323642724
SOX10.2.S.C_besthit	0.09423310956815786	0.3925081588624096
ZSA5A.0.SM.D_besthit	0.015024489669012594	0.08856541278575844
ZN250.1.M.C_besthit	4.504013468135514e-23	4.127314159891453e-21
TAL1.1.P.B_besthit	0.9125791664609912	1.0
ZKSC8.1.P.B_besthit	0.9244400087495392	1.0
TWST1.1.P.B_besthit	0.7195754303803923	1.0
MUSC.0.SM.D_besthit	0.5702321779632372	1.0
TCF21.1.SM.B_besthit	0.8301314623010193	1.0
BHA15.1.SM.B_besthit	0.999872212447142	1.0
OLIG2.2.SM.B_besthit	0.9837975770707612	1.0
OLIG1.0.S.D_besthit	0.9968258925515809	1.0
MGAP.1.S.B_besthit	0.17788623744461324	0.6313708709301765
PAX8.0.PSM.A_besthit	0.875678446252063	1.0
NF2L2.0.P.B_besthit	0.01664254837786704	0.09647716045856797
NF2L1.0.P.B_besthit	0.036730363325481255	0.1869909405660864
NF2L2.1.P.B_besthit	0.9841023015090458	1.0
NFE2.0.P.B_besthit	0.9932487493862613	1.0
BACH1.0.P.B_besthit	0.999999998597184	1.0
BACH2.0.P.B_besthit	0.9999994001243593	1.0
JUN.0.P.B_besthit	0.9912322640479594	1.0
JUND.0.PM.A_besthit	0.979623434125022	1.0
ATF3.0.P.B_besthit	0.8683230698487142	1.0
BATF.1.P.B_besthit	0.06456745259552568	0.2829738792012604
FOS.0.P.B_besthit	0.9937410481132496	1.0
FOSL1.0.P.B_besthit	0.949517855039482	1.0
FOSL2.0.P.B_besthit	0.9999069599185975	1.0
FOSB.0.P.B_besthit	0.9988524783714191	1.0
JUNB.0.PM.A_besthit	0.9999999600237364	1.0
BACH2.1.SM.B_besthit	0.14447317515526162	0.5373762382158809
NFE2.1.SM.B_besthit	0.02503941841252774	0.13792204240343148
PAX3.0.PS.A_besthit	0.9993122527146591	1.0
PAX7.0.P.B_besthit	0.9106928410146671	1.0
ZFP90.0.P.C_besthit	0.6610109137928877	1.0
ZFP90.1.P.C_besthit	0.8499208071296926	1.0
ZFP1.0.PSM.A_besthit	0.06122147555997337	0.2710144113761024
ZN239.0.P.C_besthit	2.622827670033665e-14	1.2017319506336067e-12
TEAD3.0.PS.A_besthit	0.7770670964561253	1.0
TEAD4.1.P.B_besthit	0.9908340579338356	1.0
TEAD4.0.PS.A_besthit	0.9964499949551872	1.0
TEAD1.0.PSM.A_besthit	0.9999987793904415	1.0
TEAD2.0.PSM.A_besthit	0.9943654164643732	1.0
SIX2.1.M.C_besthit	0.000761461387071423	0.007106972945999949
SIX1.1.SM.B_besthit	0.31705107601985	0.953992491426892
SIX2.2.SM.B_besthit	0.5449517894495027	1.0
OSR2.1.M.C_besthit	8.238572211737873e-05	0.0009330877291496377
FOXJ2.0.PSM.A_besthit	0.838134414389376	1.0
ZNF12.1.M.C_besthit	0.012402195404018365	0.07813383104531571
ZN302.0.P.B_besthit	0.9865618249656863	1.0
ZNF41.1.P.C_besthit	0.24493249596764644	0.8092603805667573
ZN484.0.P.C_besthit	0.9636505790841935	1.0
ZN317.1.P.B_besthit	0.9869688030243887	1.0
ZNF41.0.P.C_besthit	6.653472116413124e-05	0.0007798488248074918
IRF7.0.S.D_besthit	0.09770128288120941	0.3987161665759477
IRF7.1.SM.D_besthit	0.8208679266514372	1.0
IRF2.0.PSM.A_besthit	0.9002116409777701	1.0
IRF8.2.SM.B_besthit	0.004468832522797792	0.03336728283689018
IRF8.1.SM.B_besthit	0.06060489991456859	0.2710144113761024
PRDM1.0.S.B_besthit	0.37739475857327603	1.0
PRDM1.1.PS.A_besthit	0.9988570491904355	1.0
IRF3.0.PS.A_besthit	0.0009014529452212969	0.008260586988936976
IRF1.0.P.B_besthit	0.9128398039710092	1.0
IRF9.0.PSM.A_besthit	0.5393501390718604	1.0
STAT1.1.P.B_besthit	0.9806922596823896	1.0
STAT2.0.P.B_besthit	0.9999877828785676	1.0
ZN197.0.P.C_besthit	0.014162208262590742	0.08524380415754888
ZN680.0.P.B_besthit	0.0526797260371443	0.24358332039193326
NFAC2.1.PS.A_besthit	0.0413003313692688	0.20209094184574247
NFAC3.1.P.C_besthit	0.9001802604548634	1.0
NFAC4.0.P.D_besthit	0.9903621024181578	1.0
NFAC1.0.P.B_besthit	0.001803540903310688	0.01527705235745524
NFAC2.0.P.B_besthit	0.9958353080222264	1.0
ZNF7.0.P.B_besthit	0.005180196690527714	0.03783795843515895
ZN384.0.PSM.A_besthit	0.1346996898305023	0.5066316692132324
ZN362.0.P.C_besthit	1.0203649661638622e-09	3.214149643416166e-08
ZN613.0.P.C_besthit	0.8363179811588278	1.0
Z585A.0.P.C_besthit	0.9977882419519318	1.0
ZN492.0.P.C_besthit	0.9406830139388833	1.0
ZFP82.0.P.C_besthit	0.084448714099024	0.3561686351958837
ZN184.0.P.B_besthit	5.286716265939722e-05	0.000642049397116535
ZFP37.0.P.C_besthit	0.039617832027925216	0.19575869943210106
ZFP28.0.P.B_besthit	0.00019637547807138198	0.002035575168920151
ZNF34.0.P.C_besthit	0.9754716052920217	1.0
Z280A.0.P.B_besthit	0.06310409819957243	0.27776825757715723
ZN418.0.P.B_besthit	0.012991553680163198	0.08083633400990434
NFAC1.3.SM.B_besthit	0.9996329471234153	1.0
NFAT5.0.SM.B_besthit	0.42452333920490803	1.0
NFAC2.3.M.C_besthit	0.9980006422341601	1.0
NFAC4.1.SM.D_besthit	0.9821988631103786	1.0
NFAT5.1.PS.A_besthit	0.002430564682217266	0.019918773981097593
NFAC2.4.M.B_besthit	0.9999925140837026	1.0
NFAC1.1.PS.A_besthit	0.8667381091218254	1.0
NFAC3.0.SM.B_besthit	0.9115676518600723	1.0
NFAC1.2.SM.B_besthit	0.989571203171425	1.0
NFAC2.2.S.C_besthit	0.9867207366944478	1.0
ZN771.0.SM.D_besthit	0.9950159105435956	1.0
RHXF1.0.SM.D_besthit	0.8660426314800561	1.0
PITX2.0.SM.D_besthit	0.9958597428551414	1.0
PITX3.0.SM.D_besthit	0.999853683954455	1.0
GSC.0.SM.D_besthit	0.999942712480609	1.0
PITX1.0.PSM.A_besthit	0.9497469881242214	1.0
PITX3.1.S.D_besthit	0.050712145806113336	0.23925833103592503
LHX6.0.P.B_besthit	2.2762378676155902e-06	3.585074641494555e-05
ZSC23.0.M.D_besthit	0.02289945652319976	0.12823695652991865
LHX6.2.M.C_besthit	0.9995513628698968	1.0
LBX2.2.M.D_besthit	0.9752654218221962	1.0
HXC8.0.SM.D_besthit	0.8483988945343255	1.0
HXB4.1.PSM.A_besthit	0.9999977567057733	1.0
PO6F1.0.SM.D_besthit	0.012281871015023794	0.07786242756694331
PAX7.1.S.B_besthit	0.9985611597858747	1.0
PAX7.2.PM.A_besthit	0.8826860678607286	1.0
DLX5.0.PSM.A_besthit	0.9987329925260658	1.0
HESX1.1.S.D_besthit	0.16680658485221417	0.5983666816050957
MSX2.1.SM.D_besthit	0.9978565163929425	1.0
MSX1.1.S.D_besthit	0.8553117067841413	1.0
HESX1.0.SM.D_besthit	0.13328944628206577	0.5032051005704955
LMX1A.0.SM.D_besthit	0.9948437069120825	1.0
ALX3.1.S.D_besthit	0.9999999916750433	1.0
PRRX2.1.S.D_besthit	0.9837245546440404	1.0
PRRX1.1.S.D_besthit	0.9999089343136198	1.0
VSX1.1.SM.D_besthit	0.9999971140977366	1.0
PO3F2.1.S.B_besthit	0.9999318510339569	1.0
PO3F3.2.S.B_besthit	0.9999983065638551	1.0
LHX6.1.S.B_besthit	0.5293486694855056	1.0
HME2.0.SM.D_besthit	0.9986655456769145	1.0
PRRX1.0.S.D_besthit	0.9999960279823561	1.0
PRRX2.0.SM.D_besthit	0.9999999999953617	1.0
ARX.1.SM.D_besthit	0.999999999646563	1.0
ALX3.0.SM.D_besthit	0.9999999999999971	1.0
ALX4.1.SM.D_besthit	0.9998619412566397	1.0
MSX2.0.SM.D_besthit	0.9999999619192679	1.0
VSX1.0.SM.D_besthit	0.9999999999986159	1.0
MSX1.0.SM.D_besthit	0.9999996235680896	1.0
HME1.0.PSM.A_besthit	0.9999999999653432	1.0
LBX2.0.S.D_besthit	0.9927411102733474	1.0
LBX2.1.S.D_besthit	0.9996896206084173	1.0
HXC4.0.SM.D_besthit	0.9999999992889627	1.0
HXA4.0.SM.D_besthit	0.999999997308133	1.0
HXD4.0.SM.D_besthit	0.9999999997426389	1.0
HXA6.0.SM.D_besthit	1.0	1.0
HXD8.0.SM.D_besthit	0.9999992739324521	1.0
HXA7.0.SM.D_besthit	0.9999999999999777	1.0
HXA5.0.SM.D_besthit	0.9999999999999646	1.0
HXB5.0.SM.D_besthit	1.0	1.0
MEOX2.0.SM.D_besthit	0.9999999999999922	1.0
MEOX1.0.SM.D_besthit	0.9999999999990237	1.0
HXA2.0.SM.D_besthit	0.9999999911872033	1.0
VAX2.0.SM.D_besthit	0.9999999991629881	1.0
HXB2.0.SM.D_besthit	1.0	1.0
EMX2.0.S.D_besthit	0.9999994373239218	1.0
HXD3.0.SM.D_besthit	0.999999981011763	1.0
HXB7.1.SM.B_besthit	4.8823377348743925e-11	1.6970332540528925e-09
PO3F1.2.S.C_besthit	0.9995198045104672	1.0
HXB3.0.S.D_besthit	0.626571923885787	1.0
PRGR.0.P.B_besthit	0.2003078084948548	0.684441596484114
MCR.0.S.D_besthit	6.843701172294513e-15	3.6307635693015105e-13
ANDR.0.P.B_besthit	1.5410257535685444e-24	1.5533539595970928e-22
GCR.0.PS.A_besthit	1.0004829899054244e-08	2.5858637277555587e-07
PRGR.1.P.B_besthit	0.15567768610742108	0.5644716100585627
GCR.1.S.B_besthit	0.999980469923597	1.0
ANDR.1.S.C_besthit	0.11834268745259344	0.46057694576144476
MCR.1.SM.D_besthit	0.9854099122484967	1.0
SOX10.0.PSM.A_besthit	0.49476636540208224	1.0
SOX8.0.PSM.A_besthit	0.9588816455311007	1.0
SOX3.0.PM.A_besthit	0.7315186490022372	1.0
SOX4.0.PSM.A_besthit	0.9947579517360876	1.0
SOX15.0.P.B_besthit	0.9986811010033414	1.0
SOX10.1.PSM.A_besthit	0.8672602786453705	1.0
SOX12.0.SM.D_besthit	0.003439506306454782	0.026876142301600157
SOX8.1.PS.A_besthit	0.8189847555265416	1.0
SOX5.0.P.B_besthit	0.5015458345268563	1.0
SOX2.0.P.B_besthit	0.8996245864646429	1.0
SOX17.0.PS.A_besthit	0.05863425692747495	0.26503735866768946
SOX13.0.P.B_besthit	0.9999833585211795	1.0
SOX6.0.P.B_besthit	0.999999671819951	1.0
PROX1.0.SM.D_besthit	2.567735162880153e-05	0.0003276300055928094
DPF1.0.SM.D_besthit	0.9995890593118991	1.0
ZBT45.0.SM.D_besthit	0.9999841241459363	1.0
GATA3.1.SM.B_besthit	0.9998663378074247	1.0
GATA2.1.P.B_besthit	0.8541293522639626	1.0
GATA2.0.PSM.A_besthit	0.9999999991427224	1.0
GATA6.0.PSM.A_besthit	0.9999995538403403	1.0
GATA3.0.PS.A_besthit	0.9999638996624063	1.0
TRPS1.0.P.B_besthit	0.9283435243247149	1.0
TAL1.0.P.B_besthit	0.6346337168951077	1.0
HXC9.2.M.C_besthit	0.999999931183071	1.0
HXA13.1.SM.B_besthit	0.9999275658951579	1.0
HXB13.1.SM.B_besthit	0.1241879591892948	0.4777918429878212
HXA11.1.SM.B_besthit	0.9999997918628454	1.0
HXC10.2.SM.B_besthit	0.9997610179281781	1.0
HXD9.0.SM.D_besthit	0.8264129134835375	1.0
HXA9.1.SM.B_besthit	0.998961909748358	1.0
HXC10.1.S.B_besthit	0.0005502834585219288	0.005232884209340606
HXC9.1.S.C_besthit	0.9627634235744578	1.0
CREB5.0.P.B_besthit	6.788241644082324e-05	0.0007864997215212624
HLF.1.SM.B_besthit	0.5594883392576638	1.0
DBP.0.SM.D_besthit	0.9991546211131741	1.0
TEF.0.SM.D_besthit	0.6041047397288252	1.0
ATF4.0.P.B_besthit	0.9997986424404098	1.0
CEBPG.2.P.B_besthit	0.9995080345958489	1.0
HLF.0.P.B_besthit	0.9287044768861493	1.0
NFIL3.0.P.B_besthit	0.8569951913239602	1.0
CEBPG.0.P.B_besthit	0.9999998046075895	1.0
CEBPD.0.P.B_besthit	0.6869561624107828	1.0
CEBPA.0.P.B_besthit	0.7942248170257196	1.0
CEBPB.0.P.B_besthit	0.9231903027841457	1.0
NKX31.0.PSM.A_besthit	0.2806694805094387	0.8786175042034603
ZNF90.0.P.C_besthit	0.9991343152284976	1.0
ZNF32.0.SM.D_besthit	0.0011944832189515879	0.010655213138966377
SIX4.0.P.B_besthit	0.020852157536122854	0.11808412806972941
SIX1.0.P.B_besthit	1.944239742620174e-07	3.842732667766932e-06
SIX2.0.P.B_besthit	0.0010170317448924013	0.009153285704031611
FOXJ3.0.SM.D_besthit	7.259070431902708e-13	2.9268571981431723e-11
FOXO4.0.SM.D_besthit	0.1774756005521704	0.6313708709301765
FOXO6.0.S.D_besthit	0.0024768867600253055	0.020134692371818613
FOXO1.0.PS.A_besthit	0.9980306799865741	1.0
FOXP1.0.PS.A_besthit	0.9977652948658199	1.0
FOXP2.0.P.B_besthit	0.9531681310003659	1.0
FOXK2.0.P.B_besthit	0.9999999909231251	1.0
FOXK1.0.PS.A_besthit	0.9999995466382741	1.0
FOXO3.0.PS.A_besthit	0.6991920403812877	1.0
HOMEZ.0.S.D_besthit	0.00891160017435098	0.06028787232044153
CUX1.0.PM.A_besthit	0.4884703798330666	1.0
CUX1.1.S.B_besthit	0.7735139920483011	1.0
P53.1.S.C_besthit	0.18533123716448	0.6441858174544685
IRX3.1.S.D_besthit	0.99996352714686	1.0
IRX1.0.S.D_besthit	0.9308476962387638	1.0
IRX5.1.SM.D_besthit	0.9999999430163331	1.0
TEAD1.2.S.C_besthit	0.2578479655531764	0.8303857804396224
TEAD1.1.P.C_besthit	0.9999790181867535	1.0
TEAD3.1.S.B_besthit	0.6792388643797199	1.0
TF7L1.0.PM.A_besthit	0.9999945955690128	1.0
TF7L2.0.P.B_besthit	0.9998661509039813	1.0
LEF1.0.PSM.A_besthit	0.9999558262015633	1.0
TCF7.0.PSM.A_besthit	0.999999990234523	1.0
TWST1.0.P.B_besthit	2.031284111313092e-06	3.302474813231608e-05
ZKSC8.0.P.B_besthit	0.18385620036498926	0.6434967012774624
ZN490.0.P.C_besthit	0.6734069248383607	1.0
ZN75D.1.P.B_besthit	0.6912918772897644	1.0
PRDM4.0.PSM.A_besthit	0.2950280377246474	0.9094442263805644
ZN766.1.P.B_besthit	0.9996121701122589	1.0
HMBX1.0.PSM.A_besthit	0.8995035515803622	1.0
ZN251.0.P.C_besthit	0.0249949119413824	0.13792204240343148
BATF3.1.P.B_besthit	0.3212938988335326	0.957596455077348
BATF.0.P.B_besthit	0.4629656703976693	1.0
BATF3.0.P.B_besthit	0.09823973351571635	0.39929698138646
ZNF3.0.P.B_besthit	0.9044699584367112	1.0
ZN274.1.P.B_besthit	0.9799130550507814	1.0
ZN274.2.P.B_besthit	0.012218675514188763	0.07786242756694331
ZN33B.0.P.C_besthit	3.7811155053702604e-07	6.929753508024041e-06
ZNF24.0.P.B_besthit	0.26625917484008865	0.8520293594882837
SOX2.2.S.B_besthit	1.905339475340128e-06	3.148495395316146e-05
SOX2.3.S.B_besthit	2.47109511499904e-10	8.302879586396775e-09
SOX17.2.S.C_besthit	0.000278732864697586	0.0027935071358010178
SOX18.0.SM.D_besthit	0.9567284962601874	1.0
SOX3.1.S.C_besthit	0.30855851933124906	0.9417620709832754
ZN440.0.P.C_besthit	0.0033825630205802457	0.026637683787069436
ZNF85.0.P.B_besthit	0.37571067098301314	1.0
ZNF85.1.P.B_besthit	0.9846310718971522	1.0
ZN112.0.P.C_besthit	0.18467860723325527	0.644138533187271
ZN410.0.SM.D_besthit	8.757317208414345e-05	0.0009808195273424067
ZN614.0.P.C_besthit	0.5113206277283446	1.0
ZN433.0.P.C_besthit	0.9924403525660641	1.0
ZN433.1.P.C_besthit	0.48818706548167506	1.0
ZN214.0.P.B_besthit	0.09154114017203158	0.38447278872253265
ZN627.0.P.C_besthit	0.5789130106663688	1.0
ZN317.0.P.B_besthit	0.2717194436626404	0.8559162475373173
ZNF23.0.P.C_besthit	0.9520583502175338	1.0
ZBT16.0.P.B_besthit	0.027638658539792457	0.14898271555139464
ZNF26.1.P.B_besthit	0.08059318502715229	0.3427760780901667
ZN677.0.P.C_besthit	0.14420380690028392	0.5373762382158809
ZIK1.0.P.C_besthit	0.003250543942104942	0.025799592863321116
ZFP69.0.P.C_besthit	0.012177002636868705	0.07786242756694331
ZNF12.2.S.C_besthit	0.6751898528911968	1.0
LEF1.1.P.B_besthit	0.999729656830912	1.0
TF7L1.1.P.C_besthit	0.8804291353290001	1.0
SOX17.1.P.B_besthit	0.9874018948811849	1.0
SOX2.1.P.B_besthit	0.033133948358856136	0.17040316298840297
DMRTA.0.SM.D_besthit	0.999971507859085	1.0
FOXJ2.1.SM.B_besthit	0.0022791778740650272	0.018831240139815963
FOXD2.0.S.D_besthit	0.15438265356935438	0.5627124604235598
FOXD3.1.S.B_besthit	0.9996259945545652	1.0
FOXC1.0.S.D_besthit	0.9164083136136342	1.0
FOXC1.1.S.D_besthit	0.9876023151978371	1.0
ZNF35.1.P.C_besthit	0.09242669556746119	0.3865813656929497
FOXJ2.2.S.B_besthit	0.990219784352328	1.0
FOXL1.0.S.D_besthit	5.176240513586144e-05	0.0006362988338652235
FOXD2.1.SM.D_besthit	0.3662158016512047	1.0
FOXF1.0.P.C_besthit	0.013893535099350924	0.0848768689705802
FOXL2.0.PSM.A_besthit	1.6631163756637483e-08	4.191053266672646e-07
FOXC2.0.SM.D_besthit	0.975910146549011	1.0
ANDR.2.P.B_besthit	3.151910578587666e-09	8.586826657341532e-08
FOXD3.0.P.C_besthit	0.17883996179368755	0.6325287069755686
ZBT20.0.SM.D_besthit	7.030751443278541e-12	2.6248138721573223e-10
PO3F3.0.P.C_besthit	5.636674327156593e-05	0.0006764009192587911
PO3F1.0.P.B_besthit	2.3821433609126948e-05	0.00030784621894871747
PO3F3.1.P.C_besthit	0.9048086889535822	1.0
PO3F1.1.PS.A_besthit	0.3667128196704908	1.0
PO3F2.0.P.B_besthit	0.9998077643216017	1.0
PO2F1.0.PS.A_besthit	9.887260324606286e-46	3.3221194690677122e-43
MEF2B.0.PS.A_besthit	1.594958927262073e-05	0.00021436247982402261
MEF2D.0.PS.A_besthit	1.1623308796774637e-86	1.1716295267148834e-83
MEF2A.0.P.B_besthit	2.9079581634704687e-27	4.187459755397475e-25
MEF2C.0.P.B_besthit	3.98242474991175e-15	2.23015785995058e-13
MYNN.0.P.B_besthit	0.7225092538038113	1.0
ZN133.0.P.B_besthit	1.3391750661620814e-09	3.970260196151112e-08
ZN558.0.P.B_besthit	0.006747330856253375	0.048236237610662425
ZNF26.0.P.B_besthit	0.7788217138900488	1.0
ZBT40.0.P.B_besthit	9.309010620726415e-05	0.0010311519456804644
ZN160.0.P.C_besthit	0.8352400807071636	1.0
HMGA1.0.P.B_besthit	1.4730444654892362e-14	7.424144106065751e-13
ZN791.0.P.C_besthit	0.9931326664910246	1.0
ZN879.0.P.C_besthit	0.12466396303605413	0.47779952372753826
Z354A.0.P.B_besthit	0.6270977843302157	1.0
ZNF79.0.P.C_besthit	0.9174776560431804	1.0
ZNF74.0.P.C_besthit	0.07239730751350534	0.3118653246735615
OZF.0.P.B_besthit	0.7675021672468134	1.0
ZN260.0.P.C_besthit	0.005138017304362818	0.03780380615180818
ZN350.0.P.B_besthit	0.5461322088874395	1.0
CPEB1.1.S.D_besthit	0.0008408119918338094	0.0077755824565915585
ZN510.0.P.C_besthit	0.9110995331489512	1.0
ZN570.0.P.C_besthit	0.9762062661025627	1.0
ZNF35.0.P.C_besthit	0.3123528237982728	0.9472162558707148
ZN766.0.P.B_besthit	0.04664406906508234	0.222462107766211
ZN250.0.P.C_besthit	0.13127697579545217	0.4993478928370407
ZN649.0.P.C_besthit	4.9470716484273894e-05	0.0006156355829154084
ZN432.0.P.C_besthit	0.8590337177284243	1.0
ZN615.0.P.C_besthit	0.11336585918995039	0.44637807056042966
ZN595.0.P.C_besthit	0.8821026751779002	1.0
ZN562.0.P.C_besthit	0.09932153910425452	0.40074218217223173
ZN136.0.P.B_besthit	0.05553046437957912	0.2532792221475826
ZN584.0.P.B_besthit	0.953374056032226	1.0
ZN584.1.P.C_besthit	0.005769284216185843	0.041636442939491196
ZBT26.1.SM.B_besthit	0.9278466892127141	1.0
ZNF81.0.P.C_besthit	0.050794923454055514	0.23925833103592503
CUX1.2.P.C_besthit	0.43573300421402755	1.0
ZN248.0.P.B_besthit	0.9851223047915798	1.0
IRX3.2.S.D_besthit	0.9953123798478545	1.0
ZN211.0.P.B_besthit	0.007655174452457594	0.05358622116720316
ZN211.1.P.C_besthit	0.0012699407106388993	0.011131306402817483
ZN652.0.PS.A_besthit	0.09747731080051114	0.3987161665759477
SRF.0.PSM.A_besthit	2.909265896290063e-15	1.7250235432119903e-13
MEF2B.1.SM.B_besthit	0.9331149488814373	1.0
MEF2C.1.SM.B_besthit	0.9999754769780971	1.0
MEF2D.1.M.C_besthit	0.999581587452735	1.0
HXB7.0.P.C_besthit	0.01350755432481522	0.08302204121593744
HXB4.0.P.B_besthit	0.0036002868495964126	0.027916070341486028
MEIS1.0.P.B_besthit	0.9993690827819537	1.0
MEIS2.0.P.C_besthit	0.8260838846845074	1.0
ARX.0.S.D_besthit	0.9999998648891324	1.0
ALX1.0.SM.D_besthit	0.46205501252753933	1.0
ALX4.0.S.D_besthit	0.9999999685190726	1.0
PAX3.2.P.C_besthit	0.4655226959966089	1.0
PAX3.3.S.B_besthit	0.9929919460708359	1.0
PO3F1.3.M.C_besthit	0.9468546011468798	1.0
PO3F2.2.SM.B_besthit	0.010516249317224245	0.06928352491347739
PITX1.1.S.B_besthit	1.8007489085555775e-06	3.0252581663733703e-05
HXC9.0.P.B_besthit	0.11913929357311429	0.46189387662191994
HXA9.0.P.B_besthit	0.9969827607405246	1.0
HXC10.0.P.B_besthit	0.9794589735732362	1.0
HXB8.0.PSM.A_besthit	0.6272390324186861	1.0
PO4F1.1.SM.D_besthit	0.9609502226566047	1.0
PO4F1.0.S.D_besthit	0.05693294019882351	0.2585063230649284
SP9.0.P.B_besthit	0.24819830210900043	0.8122853523567286
BARX2.0.SM.D_besthit	0.935734984849942	1.0
ZFP91.0.P.C_besthit	0.0001432980328878921	0.001504629345322867
CPEB1.0.S.D_besthit	0.022327729373577663	0.1257338056344485
TBP.0.P.B_besthit	6.023792762968355e-70	3.035991552536051e-67
HXA9.2.P.B_besthit	0.9970827698776636	1.0
HXA13.0.P.B_besthit	0.47026468604028265	1.0
HXB13.0.PS.A_besthit	0.9976320590980792	1.0
ARI1A.0.P.C_besthit	0.999964713732949	1.0
HXA11.0.PS.A_besthit	0.11801269893038105	0.46057694576144476
ZN667.1.P.C_besthit	0.9780554010266602	1.0
ZN274.0.SM.B_besthit	0.9576125309884942	1.0
STAT1.0.P.B_besthit	0.12277582909366513	0.4741687192582929
STAT4.0.P.B_besthit	1.3074423063429907e-07	2.6895956016198664e-06
STA5A.0.P.B_besthit	0.9992677809854921	1.0
STA5B.0.P.B_besthit	0.9681105625235495	1.0
BCL6.0.PSM.A_besthit	0.9036310253120866	1.0
BCL6B.0.PSM.A_besthit	2.2410514416866273e-06	3.585074641494555e-05
STAT6.0.P.B_besthit	0.992514772458955	1.0
GRHL1.1.PS.A_besthit	0.39906997375890935	1.0
ZN454.0.P.B_besthit	0.9237252796109077	1.0
ZN736.0.P.C_besthit	0.9861599259407122	1.0
ZN154.0.P.C_besthit	0.7469174293399298	1.0
ZSC16.0.PSM.A_besthit	0.029470826612965708	0.1571777419358171
RORG.1.PS.A_besthit	0.19280457089366862	0.6633003667604709
ZN224.0.P.B_besthit	0.046477246052508275	0.222462107766211
MTF1.0.SM.D_besthit	0.8635696750935933	1.0
ZSCA1.0.SM.D_besthit	0.046787665522258666	0.222462107766211
ZN667.0.P.C_besthit	0.7944675470907832	1.0
ZN621.0.P.C_besthit	0.09481479038732778	0.39330579716224856
HAND2.0.P.B_besthit	0.34488466881662205	1.0
ZN708.0.P.B_besthit	0.5828806178091233	1.0
ZN222.0.P.C_besthit	0.6300533830853999	1.0
ZN335.1.P.D_besthit	0.20767507140135422	0.7048366059682325
ZN101.0.P.C_besthit	0.2564610867300263	0.8303857804396224
ZN329.0.P.C_besthit	0.1813457877097993	0.6391487902499221
ZN573.0.P.C_besthit	0.8935176617312938	1.0
ETV2.0.S.B_besthit	0.0744142393265873	0.31918958826042554
ETV3.0.SM.D_besthit	0.9999745885042435	1.0
EHF.0.P.B_besthit	0.01834971638653488	0.10509383021379068
ETV1.1.PM.A_besthit	4.91944487295296e-06	7.186667292661716e-05
ELF2.1.M.B_besthit	0.9999999999980395	1.0
ELF4.1.M.B_besthit	0.9999921594620615	1.0
SPI1.1.S.B_besthit	0.18273754314562465	0.6418099076334134
ETV2.1.PM.A_besthit	0.8824934207972398	1.0
ETV6.1.P.B_besthit	0.999866951156488	1.0
ELK3.0.PSM.A_besthit	0.9989576525251459	1.0
ETS2.1.P.B_besthit	4.436309409114544e-05	0.0005589749855484325
ETV4.0.P.B_besthit	0.9992801997732063	1.0
ETV4.1.SM.B_besthit	0.9999974871104707	1.0
ETS1.0.S.B_besthit	0.9999925827459674	1.0
ETV1.0.PSM.A_besthit	0.9999999796352643	1.0
ETV5.0.PS.A_besthit	0.9983314077598711	1.0
ETS2.0.S.C_besthit	0.3239488007751743	0.957596455077348
ELK1.0.PSM.A_besthit	0.9999961231501571	1.0
ELK4.0.PSM.A_besthit	0.7606343689703277	1.0
GABPA.0.PSM.A_besthit	0.8545575150137797	1.0
ELF4.0.PS.A_besthit	0.8180543245682954	1.0
ETV6.0.PS.A_besthit	0.9972913421656204	1.0
ELF1.0.PSM.A_besthit	0.7349127092109222	1.0
ELF2.0.PS.A_besthit	0.9998805610007816	1.0
E4F1.0.P.B_besthit	0.5562103915497257	1.0
ETS1.1.P.B_besthit	0.05315987851331011	0.2446810846640027
ETV5.1.PM.A_besthit	0.9786035200402441	1.0
FLI1.0.PSM.A_besthit	0.4122869125097073	1.0
ZN257.0.P.B_besthit	0.5854424658424086	1.0
ZN527.0.P.C_besthit	0.8881149339221551	1.0
TBX1.0.S.D_besthit	2.336972680641063e-06	3.6241053262864484e-05
MZF1.0.P.B_besthit	0.8302646770741715	1.0
RBAK.0.P.C_besthit	0.44888505979527	1.0
FLI1.1.P.B_besthit	0.9208945265861461	1.0
ZN189.0.P.B_besthit	0.0794218125452196	0.33922536883720916
ZN578.0.P.C_besthit	0.008907943882261979	0.06028787232044153
ZNF76.1.SM.B_besthit	0.5058149029319398	1.0
E2F3.1.SM.B_besthit	0.8806148279779535	1.0
TYY1.0.PSM.A_besthit	5.500541452900588e-25	6.896044590996304e-23
GLI3.1.M.C_besthit	0.49895253721939303	1.0
ESR1.0.P.B_besthit	0.9999999890129754	1.0
RARG.0.P.B_besthit	0.9999999413762496	1.0
THA.0.P.B_besthit	4.13893200550305e-38	8.344086923094149e-36
THB.0.P.B_besthit	9.212783344095987e-41	2.3216214027121887e-38
RXRA.3.P.B_besthit	0.37288195152951303	1.0
COT1.1.PSM.A_besthit	0.9998619181195735	1.0
RARA.1.P.B_besthit	0.3957764190744833	1.0
SMAD4.0.P.B_besthit	0.34590632582175307	1.0
SMAD5.0.M.D_besthit	0.039393699737495326	0.19561009524825265
ZN549.0.P.B_besthit	0.9986314213114924	1.0
ZN502.0.P.C_besthit	0.5994118965783233	1.0
ZN708.1.P.B_besthit	0.6045557482793397	1.0
ZN782.0.P.C_besthit	0.6136577442236683	1.0
NPAS2.0.M.D_besthit	0.7891571673678573	1.0
ARNT2.1.P.B_besthit	0.1920358703218755	0.6629183468645564
HIF3A.1.P.C_besthit	0.9999999056544556	1.0
NPAS3.0.P.C_besthit	0.9588353801453331	1.0
HIF1A.0.P.B_besthit	0.9999638238283337	1.0
ARNT.0.P.B_besthit	0.9999999999999998	1.0
EPAS1.0.P.B_besthit	0.9999740924320114	1.0
HIF1A.1.P.B_besthit	0.9984118933917112	1.0
ARNT.1.P.B_besthit	0.9855318649467563	1.0
HIF3A.0.P.C_besthit	0.9999998384667372	1.0
BHE40.0.PSM.A_besthit	0.9807193356704472	1.0
BHE40.1.S.C_besthit	0.8202335837981067	1.0
CLOCK.1.PS.A_besthit	0.9999999902266264	1.0
MXI1.0.P.B_besthit	0.9999101997874281	1.0
NPAS2.2.S.D_besthit	0.9608539792655052	1.0
HEY1.0.S.D_besthit	0.9999974247804778	1.0
HEY2.0.S.D_besthit	0.9736068993384235	1.0
HES1.1.S.D_besthit	0.4409317573093731	1.0
MYC.0.P.B_besthit	0.9957245380475133	1.0
MYCN.0.PS.A_besthit	0.9999999411171571	1.0
MAX.2.S.C_besthit	0.9309326574246816	1.0
MAX.0.PS.A_besthit	0.9974930782437903	1.0
MGAP.0.P.C_besthit	0.5545663970396447	1.0
MNT.0.PS.A_besthit	0.9995382554185782	1.0
SOLH2.0.S.D_besthit	0.9924269168810969	1.0
SRBP1.1.S.C_besthit	0.6115255988118925	1.0
SRBP2.0.S.B_besthit	0.9972699961756993	1.0
CR3L1.0.PSM.A_besthit	0.9999969007053282	1.0
CR3L4.1.S.D_besthit	0.9694711113478938	1.0
CR3L4.0.M.D_besthit	0.999999998721337	1.0
XBP1.0.PS.A_besthit	0.9998816202565447	1.0
ZN341.0.P.B_besthit	0.9959257774626429	1.0
ZN713.0.SM.D_besthit	0.36594392247735513	1.0
ZBTB2.0.SM.D_besthit	6.563471941492905e-08	1.407655258941457e-06
PAX9.0.SM.D_besthit	0.9850786323966448	1.0
GLI1.0.P.C_besthit	0.9216747510772568	1.0
TZAP.0.P.B_besthit	0.5404409225393476	1.0
ZN316.0.P.C_besthit	0.23648735654230768	0.7841422874823887
MBNL2.0.S.D_besthit	0.8525938834881965	1.0
ZN100.0.P.B_besthit	0.026514950310441054	0.14505575735071108
PRD15.0.P.B_besthit	0.9835547969718277	1.0
ZN789.0.P.C_besthit	6.518361329633065e-05	0.0007730009670906034
ZSC31.1.SM.B_besthit	0.9799064917601915	1.0
ZN701.1.P.B_besthit	0.8685818089259754	1.0
ZKSC5.0.P.C_besthit	0.21006409341374258	0.7081759403379683
ZN480.0.P.C_besthit	0.014689320224348924	0.08709902815378655
ZN671.0.P.C_besthit	0.9814857631380393	1.0
ZFP14.0.P.C_besthit	0.0613008787636422	0.2710144113761024
RFX3.2.S.B_besthit	0.5373878631918418	1.0
ZN557.0.P.C_besthit	0.05371955695514531	0.24613324277630216
ZN684.0.P.C_besthit	0.05158114178798081	0.24183158568504493
ZN707.0.P.B_besthit	0.8253809746813401	1.0
SRBP2.1.P.B_besthit	0.9711966961795332	1.0
ZN684.1.M.C_besthit	0.9223509320393198	1.0
ZN281.1.SM.B_besthit	0.9984044890291889	1.0
ZN444.0.S.D_besthit	0.9979749234275683	1.0
ZN485.0.P.C_besthit	0.04275864861970262	0.2081133123543127
ZN701.0.P.B_besthit	0.8740768425487301	1.0
ZN880.0.P.C_besthit	3.1936919903543836e-08	7.15387005839382e-07
ZN681.0.P.C_besthit	0.8203448163060569	1.0
ZN132.0.P.C_besthit	0.9099983611018356	1.0
ZN467.0.P.C_besthit	0.9964314522862483	1.0
ZN714.0.P.C_besthit	0.9999760900910889	1.0
ZN483.0.P.C_besthit	0.008647873275838188	0.05929970246289042
ZN563.1.P.C_besthit	0.82569574768557	1.0
ZN121.0.P.B_besthit	0.9708565317258405	1.0
ZN441.1.P.C_besthit	1.4856998945876626e-06	2.582043954731662e-05
VDR.0.PS.A_besthit	0.9973101358475179	1.0
NR2C1.1.PM.A_besthit	0.8715712439630144	1.0
NR2C2.1.PS.A_besthit	0.9735151051962312	1.0
TF7L1.2.S.C_besthit	0.5435737725993034	1.0
HIC1.0.PSM.A_besthit	0.25768495515965906	0.8303857804396224
ZN331.0.P.B_besthit	0.974165225567207	1.0
ZN554.0.P.C_besthit	0.03296661832061452	0.17040316298840297
ZN574.0.P.B_besthit	0.7674537668847994	1.0
ZN143.0.P.B_besthit	0.038197527745589856	0.19072766962247287
ZNF76.0.P.B_besthit	0.8317969495244681	1.0
ZBT37.0.M.D_besthit	3.717103413232195e-06	5.592298866474705e-05
CR3L2.0.PS.A_besthit	0.7261529914845752	1.0
BHE41.0.PSM.A_besthit	0.572631611212139	1.0
HES1.0.S.D_besthit	0.1453440499188281	0.5386279496991865
ATF1.1.P.B_besthit	0.001579962782970823	0.013496631230801607
GMEB1.0.P.C_besthit	1.728449614766858e-06	2.953012223194903e-05
ZBED5.0.P.C_besthit	0.0041449729764006195	0.03141453203166785
ZN793.0.P.B_besthit	0.24566832981490846	0.8092603805667573
PRDM5.1.P.B_besthit	0.41528323387659655	1.0
GLI4.0.P.C_besthit	0.9922164335512373	1.0
ZN304.0.P.C_besthit	0.440178200274707	1.0
ZN320.1.P.B_besthit	0.2133972454144921	0.7170147445926934
ZN431.0.P.C_besthit	0.1528705221100586	0.560339950134324
ZIC1.1.M.B_besthit	0.9999995422171284	1.0
ZIC1.0.P.B_besthit	0.9781044960238007	1.0
ZIC1.2.S.B_besthit	0.43161912010853887	1.0
ZN787.1.S.D_besthit	0.02365571714194047	0.13174012640373478
ZBT7B.0.SM.D_besthit	0.9791549716961334	1.0
ZBT7C.0.S.D_besthit	0.996470203469404	1.0
ZN524.0.S.D_besthit	0.8077933226082344	1.0
ZN616.0.P.C_besthit	0.9244691489165403	1.0
E2F4.0.P.B_besthit	7.032094995248715e-06	9.824958362488568e-05
TFDP1.0.P.B_besthit	0.996056323670841	1.0
E2F3.0.P.B_besthit	0.2594860598040447	0.8329998352945129
E2F1.0.P.B_besthit	0.999997802380816	1.0
E2F4.1.P.B_besthit	0.9999999932852366	1.0
E2F8.1.SM.B_besthit	2.2766007272441847e-13	9.561723054425576e-12
E2F8.0.P.C_besthit	0.03697921270663813	0.18731179099643835
E2F6.0.P.B_besthit	0.9191460691866011	1.0
GLIS2.0.SM.D_besthit	0.6505747127207457	1.0
GLIS3.1.S.C_besthit	0.13106073689789133	0.4993478928370407
ZIC4.0.SM.D_besthit	0.9993513632748645	1.0
KLF5.0.PM.A_besthit	3.467647279247173e-16	2.3302589716541006e-14
EGR1.0.PS.A_besthit	0.061117919945412005	0.2710144113761024
EGR2.0.PSM.A_besthit	0.13224599609572882	0.5011427220469723
KLF6.1.SM.B_besthit	0.9999998637984957	1.0
SP4.1.S.B_besthit	0.8714631335886471	1.0
SP3.1.S.B_besthit	0.9926203267222745	1.0
KLF16.0.SM.B_besthit	0.936794522850735	1.0
SP9.1.S.C_besthit	0.15779988745382298	0.5680795948337627
KLF2.0.S.D_besthit	0.2824478017393371	0.8814470097623893
KLF3.1.M.C_besthit	0.009689768430959195	0.06468654289893501
KLF3.0.PS.A_besthit	0.2737394797582481	0.8595931326987978
KLF4.0.PSM.A_besthit	7.115297226802238e-06	9.824958362488568e-05
SP1.0.P.B_besthit	0.9927212832000817	1.0
KLF9.0.P.B_besthit	0.8124424391651178	1.0
SP1.1.SM.B_besthit	0.9999996470427708	1.0
KLF15.0.S.B_besthit	0.8393101834619444	1.0
KLF10.1.PSM.A_besthit	0.22429057130125482	0.7511126108693185
KLF11.1.SM.B_besthit	0.7651948898039209	1.0
KLF6.0.P.B_besthit	0.999492520927613	1.0
KLF12.0.P.C_besthit	0.6178922357945972	1.0
KLF9.1.P.B_besthit	0.8769771208329825	1.0
SP2.1.P.B_besthit	0.9952235667868501	1.0
KLF8.0.P.C_besthit	0.988905570725745	1.0
SP2.0.P.D_besthit	0.3960383289370534	1.0
SP5.0.P.B_besthit	0.9968071847085098	1.0
SP1.2.P.B_besthit	0.2507528942092211	0.8179900238281387
SP3.0.P.B_besthit	0.9935416035004295	1.0
KLF11.0.P.B_besthit	0.9585529023035239	1.0
SP4.0.P.C_besthit	9.401610731145399e-08	1.974338253540534e-06
KLF10.0.P.C_besthit	0.8745409022378086	1.0
KLF13.0.PSM.A_besthit	0.8099514673472085	1.0
KLF12.1.PSM.A_besthit	0.6094954425008553	1.0
KLF7.0.P.B_besthit	0.9999160401413609	1.0
ZN610.1.P.C_besthit	0.7243736486367772	1.0
ZN341.1.P.B_besthit	0.2915663860263082	0.901530420596683
ZN383.0.P.C_besthit	0.9812066134906933	1.0
ZN566.0.P.C_besthit	0.9812555589167125	1.0
ZN749.0.P.C_besthit	0.6437228426224681	1.0
ZN282.0.P.B_besthit	0.0965176006873035	0.3971009856849058
ZN460.0.S.D_besthit	0.04097931167415328	0.20149827398803175
ZN543.0.P.C_besthit	0.00734382913731509	0.05176629210079448
ZN180.0.P.C_besthit	0.3092492514835954	0.9417620709832754
KLF16.1.P.B_besthit	0.9999006964220146	1.0
PATZ1.0.P.B_besthit	0.7444975588460634	1.0
ZN449.1.S.C_besthit	0.7858383513713328	1.0
ZN740.0.P.C_besthit	0.3781933170052765	1.0
ZN740.1.S.C_besthit	0.9888679835235973	1.0
SP5.1.P.B_besthit	0.9901113540801005	1.0
ZN148.0.P.B_besthit	0.9913922685729184	1.0
ZN281.0.P.B_besthit	0.9541150778811699	1.0
ZBT17.0.P.B_besthit	0.7121072186755955	1.0
VEZF1.1.P.B_besthit	0.8679024543991732	1.0
KLF15.1.P.C_besthit	0.9465486945919069	1.0
MAZ.1.P.B_besthit	0.99999901710395	1.0
KLF8.1.P.C_besthit	0.23339166234280959	0.7764316687840003
SP4.2.P.B_besthit	0.9110939068904029	1.0
KLF13.1.P.C_besthit	0.9772764521678705	1.0
MAZ.0.P.B_besthit	0.43983224120806186	1.0
PATZ1.1.P.C_besthit	0.019091990566141012	0.10872726830887086
VEZF1.0.P.C_besthit	2.2753107757320025e-05	0.0003017780607812972
ZBT7A.0.P.B_besthit	0.00467030219986394	0.034615181010756266
ZBT7A.1.SM.B_besthit	0.914665843960512	1.0
ZN320.0.P.B_besthit	0.3202621058201941	0.957596455077348
ZNF28.0.P.C_besthit	0.4699519350751603	1.0
ZN436.0.P.C_besthit	0.22966142846454718	0.7665520526233893
ZN770.0.P.B_besthit	0.38948393193595354	1.0
ZN770.1.P.B_besthit	0.9993884247269736	1.0
ZN394.0.P.C_besthit	0.0381567665132967	0.19072766962247287
ZN223.0.P.C_besthit	0.9865320311237458	1.0
ZN333.0.P.C_besthit	0.9267000137457813	1.0
ZN189.1.P.B_besthit	0.5130880334924592	1.0
PRDM5.0.P.B_besthit	0.007909390984670549	0.05498390422446837
ZN530.0.P.B_besthit	0.009954822592987472	0.06601619193244324
ZN662.0.P.C_besthit	0.97619242001607	1.0
ZN263.0.PM.A_besthit	0.5495987982818697	1.0
ZN263.1.P.B_besthit	0.37592024005443087	1.0
ZNF16.0.P.C_besthit	0.9399102282225612	1.0
ZN623.0.P.C_besthit	0.7743470708875242	1.0
ZN425.0.P.C_besthit	0.042944016835016904	0.2081133123543127
ZNF44.0.P.C_besthit	0.9768564424515895	1.0
ZN669.0.P.B_besthit	0.28741515269294016	0.8914291505061036
ZN669.1.P.C_besthit	0.3129196559572897	0.9472162558707148
ZN205.0.P.C_besthit	0.038221219507678095	0.19072766962247287
ZN563.0.P.C_besthit	0.11236669392019313	0.4459276672108452
ZN776.0.P.C_besthit	0.9999572871715477	1.0
ZSC31.0.P.C_besthit	0.9572299684827664	1.0
REST.0.P.B_besthit	0.8871073065060563	1.0
ZN322.0.P.C_besthit	0.6662752709126711	1.0
ZN335.0.P.B_besthit	6.19111311087554e-06	8.915202879660777e-05
ZN611.1.P.C_besthit	0.7174012196720454	1.0
TAF1.0.P.B_besthit	0.0013010859185674465	0.011305987982034364
CENPB.0.S.D_besthit	0.9979078343254917	1.0
KAISO.0.P.B_besthit	0.2856348318123785	0.8886416989718441
KAISO.1.P.B_besthit	0.4843526435495026	1.0
E2F4.2.S.B_besthit	0.0014438255854696542	0.012439112736353944
GMEB1.1.P.C_besthit	0.9804767803172199	1.0
E2F1.1.S.B_besthit	7.034735502266616e-06	9.824958362488568e-05
ZBT14.0.P.C_besthit	0.9990040402426116	1.0
MYCN.1.M.C_besthit	0.00019790314142279243	0.002035575168920151
ZBT14.1.S.B_besthit	0.98646208355213	1.0
ZN587.0.P.C_besthit	0.7462848331212836	1.0
ZBTB6.0.P.B_besthit	0.9201191433031924	1.0
ZN423.0.P.C_besthit	0.9778227334624491	1.0
ZN765.0.P.C_besthit	0.9199476650219549	1.0
ZFX.0.P.B_besthit	5.436712891930088e-10	1.7678085790533966e-08
ZN711.0.P.C_besthit	0.9905583759636024	1.0
ZN449.0.P.B_besthit	0.661687655815606	1.0
ZN682.1.P.B_besthit	0.34118983061741204	0.9997655501812539
ZN692.0.P.C_besthit	0.02705022380064637	0.14659476124221257
ZN283.0.P.C_besthit	0.40046513326885447	1.0
ZN682.0.P.B_besthit	0.6278265565838342	1.0
HSF1.2.P.B_besthit	0.6178244592535318	1.0
CTCF.0.P.B_besthit	0.1515604610997442	0.5596078563682862
HINFP.2.S.B_besthit	0.5008842622996817	1.0
HINFP.1.P.B_besthit	0.7780395094212241	1.0
ZN441.0.P.C_besthit	3.4684858232382875e-09	9.200615025853142e-08
THAP1.0.P.B_besthit	2.477206310717466e-07	4.801969156160012e-06
LRRF1.0.P.B_besthit	0.3814215944406979	1.0
KMT2A.0.P.B_besthit	0.09939042216573207	0.40074218217223173
ZN519.0.P.C_besthit	0.2674995370181198	0.8532896623869137
KMT2B.0.P.B_besthit	3.0183703525230016e-06	4.609874720216947e-05
ZN100.1.P.B_besthit	0.01665379555534804	0.09647716045856797
ZN454.1.SM.B_besthit	0.02662233641853328	0.14505575735071108
ZN561.0.P.C_besthit	0.01398922013075342	0.08494658970963523
ZN610.0.P.B_besthit	0.9013577829253915	1.0
ZN407.0.P.B_besthit	2.3174925380637143e-09	6.488979106578401e-08
HINFP.0.P.B_besthit	1.8640858373591146e-08	4.5829232294097257e-07
ZN273.0.P.C_besthit	0.00036524522554255636	0.003540069109104777
ZN548.0.P.B_besthit	4.6512403812476965e-06	6.894779859261291e-05
ZN141.0.P.C_besthit	0.0009560078128624252	0.008681584462750672
ZN704.0.SM.D_besthit	0.3358247113534117	0.9869134374467609
ZN267.0.P.C_besthit	0.9999793531479954	1.0
ZN611.0.P.C_besthit	0.9983691022686808	1.0
ZN805.0.P.C_besthit	0.777140228089871	1.0
ZN577.0.P.B_besthit	0.9901824489767631	1.0
ZN749.1.P.C_besthit	0.7587684424498764	1.0
GLIS3.0.P.C_besthit	0.2545595354150762	0.8277290699948283
GLI2.0.PSM.A_besthit	0.9983205979605204	1.0
GLI3.0.PS.A_besthit	0.9999985521507663	1.0
ESR2.0.P.B_besthit	0.9996206859254135	1.0
ZN416.0.P.C_besthit	0.9864478701713083	1.0
ZF64B.0.P.B_besthit	0.37442367501007884	1.0
ZF64B.1.P.B_besthit	0.5758975970199226	1.0
TF2L1.0.PSM.A_besthit	0.42581367042953455	1.0
ZN329.1.P.C_besthit	2.0998346781382463e-08	5.039603227531792e-07
NFIA.1.PS.A_besthit	0.8397762396594024	1.0
NFIB.0.PSM.A_besthit	0.9999997243507145	1.0
NFIX.0.SM.D_besthit	0.9999999868927207	1.0
HAND2.1.P.B_besthit	0.9999344216753127	1.0
ZN135.0.P.C_besthit	1.8618832318289546e-07	3.753556595367173e-06
ZN284.0.P.C_besthit	0.11620547708811182	0.4557786805634892
ZN790.1.P.C_besthit	0.9999850215945938	1.0
ZN793.1.P.C_besthit	0.9996836656107345	1.0
PRD16.0.P.B_besthit	0.9936911313150019	1.0
COE3.0.P.B_besthit	0.9985968920056637	1.0
COE1.0.P.B_besthit	0.9991349878361522	1.0
COE2.0.P.B_besthit	0.9995846554515221	1.0
RFX1.2.S.C_besthit	0.1051444560799504	0.4205778243198016
RFX2.0.PS.A_besthit	0.9999999944465195	1.0
RFX1.0.PM.A_besthit	0.9933748226123142	1.0
RFX3.1.PS.A_besthit	0.9999894014661833	1.0
RFX1.1.PSM.A_besthit	0.7242725870029275	1.0
RFX3.0.PSM.A_besthit	0.9978767898890315	1.0
RFX7.0.SM.D_besthit	0.0028470538125219946	0.022958641944177363
RFX2.1.PSM.A_besthit	0.7054156554866584	1.0
PKNX1.1.P.B_besthit	0.9999999973476495	1.0
PBX2.0.P.B_besthit	0.9998164543517567	1.0
PBX3.1.P.B_besthit	0.9998422851665713	1.0
ZN134.0.P.C_besthit	0.9558364491184894	1.0
ZN134.1.P.C_besthit	0.966593841377469	1.0
MESP1.0.S.D_besthit	0.849168608106356	1.0
HAND2.2.S.C_besthit	0.06673955392987078	0.29122714442125436
ZEB1.0.P.B_besthit	6.11343781271628e-07	1.081113213196142e-05
SNAI1.0.PSM.A_besthit	0.9620344842669399	1.0
SNAI2.0.PSM.A_besthit	0.9999058260490215	1.0
SNAI3.0.S.D_besthit	0.49266415173454453	1.0
ZEB2.0.P.B_besthit	4.155851192015911e-07	7.48053214562864e-06
ZBT42.0.P.C_besthit	0.32384815420300217	0.957596455077348
MYF5.0.P.B_besthit	0.9953110365133592	1.0
MYOD1.0.P.B_besthit	0.003768589014268511	0.028997997911318005
MYOG.0.PSM.A_besthit	0.9999869202558112	1.0
ITF2.1.PSM.A_besthit	0.9999984087763664	1.0
HTF4.0.PSM.A_besthit	0.6587688461377077	1.0
TFE2.0.PS.A_besthit	0.9988185876004655	1.0
ITF2.0.S.B_besthit	0.005782839297151555	0.041636442939491196
TFAP4.0.PSM.A_besthit	0.564808764801145	1.0
TWST2.1.P.B_besthit	0.47015487280954615	1.0
OLIG2.1.P.B_besthit	0.9952990388413085	1.0
TCF21.0.PS.A_besthit	0.977856212545141	1.0
ZBT18.0.PSM.A_besthit	0.011046353481799854	0.07137643788239906
MYOD1.1.PSM.A_besthit	0.8652768235597292	1.0
TWST2.0.P.B_besthit	0.010615966740624132	0.0694863277568125
OLIG2.0.P.B_besthit	0.3346586774970051	0.9863624178859097
ATOH8.0.P.C_besthit	0.999988746997172	1.0
BHA15.0.P.B_besthit	0.6356650599927184	1.0
LYL1.0.P.C_besthit	0.996142224954912	1.0
TAL1.2.P.B_besthit	0.933084561612363	1.0
MYF6.0.SM.D_besthit	2.102454948756795e-19	1.6302112218052687e-17
ZN554.1.P.C_besthit	0.7109487663298314	1.0
ZBT24.0.P.B_besthit	0.9989273080555249	1.0
NFIA.0.P.B_besthit	0.9999659032205629	1.0
NFIC.0.PSM.A_besthit	0.006936431003185733	0.049238890501487456
P63.0.PS.A_besthit	0.00011280670236303857	0.0012226790965800308
